{"Train Accuracy":0.9975247524752475,"_timestamp":1.736939041006048e+09,"_runtime":53.440242,"_step":9,"_wandb":{"runtime":53},"Epoch":10,"Loss":2.3241279766662046}